https://www.youtube.com/watch?v=tjJSeyIePqM,Rebekah--Soma-Sessions-(2020).opus
https://www.youtube.com/watch?v=67Lh8EC0r04,Len-Faki--Cercle-(2019).opus
https://www.youtube.com/watch?v=GG2IQguY-J0,Ellen-Allien--TTX-HOER-(April-2020).opus
https://www.youtube.com/watch?v=2tbq6OotJgo,Ellen-Allien-+-Matrixxman--TTX-HOER-(August-2020).opus
https://www.youtube.com/watch?v=z_EmuZyhqMU,I-Hate-Models--1NN3RT1ME.opus
https://www.youtube.com/watch?v=ERLy4Dam1pU,Bonobo--Mixmag-2017.opus
https://www.youtube.com/watch?v=TkhyxaVotoY,Monika-Kruse--RitterButzke-@-Naturkundemuseum-2020.opus
https://www.youtube.com/watch?v=Ca6pjR2TLns,Four-Tet--Boiler-Room-(2016).opus
https://www.youtube.com/watch?v=b2XKexrOi1o,I-Hate-Models--Nuits-Sonores-(2019).opus
https://www.youtube.com/watch?v=v4XiZkpqEIU,I-Hate-Models--Awakenings-(2018).opus
https://www.youtube.com/watch?v=jbcr6Umn7aQ,Cleric--Visions-01.opus
